early_density_mean,early_density_slope,early_density_max,early_panic_mean,early_panic_slope,zone_area_m2,is_chokepoint,is_vip_corridor,label_danger_later
3.318584070796461,0.5879076675536853,6.637168141592921,0.5833333333333334,0.12237762237762237,9.04,1,1,1
0.0,0.0,0.0,0.0,0.0,54.93,0,0,0
5.356234477393099,-0.01590318475922462,5.446003770310303,0.5373770476298566,0.11268685916285506,334.19,0,0,1
5.656819610307983,1.9023581417949626e-16,5.656819610307982,0.19444444444444442,0.04079254079254079,31.82,0,0,1
0.7997867235403892,0.2799253532391362,2.19941348973607,0.36363636363636365,0.12727272727272726,6.82,1,1,1
0.5968257710841598,-0.00386831518295289,0.6078781001783109,0.5612440191387559,0.10909090909090909,493.52,0,0,1
33.69925963747766,-1.3440048672985934e-15,33.69925963747766,0.0,0.0,39.17,0,0,1
33.208020050125306,-2.104905092785194e-15,33.20802005012531,0.0,0.0,31.92,0,0,1
33.69925963747766,-1.3440048672985934e-15,33.69925963747766,0.0,0.0,39.17,0,0,1
33.18866479448558,-4.3064839068608904e-16,33.188664794485575,0.0,0.0,39.17,0,0,1
0.4839598210378364,1.2569939751046703e-17,0.4839598210378364,0.0,0.0,1942.31,0,0,0
0.49716203339271653,1.5288710485140532e-17,0.4971620333927166,0.0,0.0,241.37,0,1,0
0.4839598210378364,1.2569939751046703e-17,0.4839598210378364,0.014184397163120567,0.006546644844517184,1942.31,0,0,1
8.45884051990922,1.1086986776046923e-16,8.458840519909222,0.0,0.0,775.52,0,0,1
8.487958941966047,2.4917140446729604e-17,8.487958941966049,0.2054263565891473,0.06895430151244104,405.28,0,0,1
212.73166800966962,-7.873410061610673e-15,212.73166800966962,0.0,0.0,24.82,0,0,1
209.58971824023726,-4.516149772512689e-15,209.58971824023726,0.0,0.0,20.23,0,0,1
212.73166800966962,-7.873410061610673e-15,212.73166800966962,0.0,0.0,24.82,0,0,1
209.50846091861408,-8.912037822695632e-16,209.50846091861402,0.0,0.0,24.82,0,0,1
0.06851991899422913,1.630362187155821e-18,0.0685199189942291,0.0,0.0,1970.23,0,0,0
0.061264499264826015,-7.419934244916344e-20,0.06126449926482601,0.0,0.0,244.84,0,1,0
0.07613324332692122,1.306846268241242e-19,0.07613324332692122,0.0,0.0,1970.23,0,0,0
0.8617321546590132,5.593107610457515e-17,0.8617321546590133,0.0,0.0,2738.67,0,0,0
0.8814714697067639,3.108204176195376e-17,0.8814714697067639,0.0,0.0,340.34,0,1,0
0.8544293397890216,4.2473588304324765e-17,0.8544293397890217,0.0,0.0,2738.67,0,0,0
0.48543069199422617,6.2944059914227735e-18,0.48543069199422595,0.0,0.0,782.81,0,0,0
0.4111842105263158,1.3241149976312174e-17,0.41118421052631576,0.0,0.0,97.28,0,1,0
0.48543069199422617,6.2944059914227735e-18,0.48543069199422595,0.0,0.0,782.81,0,0,0
0.17117425539198905,-2.9702213702596547e-18,0.17117425539198905,0.0,0.0,116.84,0,1,0
0.16661344292795358,-5.6836934091837204e-18,0.16661344292795358,0.0,0.0,4321.38,0,0,0
0.1458044761974193,-8.651879114394164e-18,0.14580447619741926,0.0,0.0,411.51,0,0,0
25.571441580912484,-0.015138308554208288,25.60266434230554,0.0,0.0,768.67,0,0,1
25.69145360850407,-8.860572874458824e-16,25.69145360850407,0.0,0.0,401.69,0,0,1
0.7634185491132601,3.709007648590151e-17,0.76341854911326,0.0,0.0,255.43,0,0,0
0.7865757734661772,-3.357697592858384e-17,0.7865757734661772,0.0,0.0,133.49,0,0,0
27.269957343083487,-0.005229937089667676,27.422303473491773,0.0,0.0,120.34,0,0,1
27.05782583346584,-0.01223136856782787,27.349340117665765,0.0,0.0,62.89,0,0,1
0.1557341306920825,0.013068598379755172,0.186880956830499,0.0,0.0,107.02,0,0,0
0.7302496300709111,2.805525214883446e-17,0.730249630070911,0.042105263157894736,0.012406015037593983,520.37,0,0,1
0.6185248183083345,2.55032183937392e-18,0.6185248183083346,0.0,0.0,64.67,0,1,0
0.7302496300709111,2.805525214883446e-17,0.730249630070911,0.25263157894736843,0.07443609022556391,520.37,0,0,1
0.11008493922152567,1.0342685351758857e-18,0.11008493922152565,0.0,0.0,3451.88,0,0,0
0.09324661398232978,2.134363138372356e-18,0.09324661398232977,0.34615384615384615,0.049450549450549455,428.97,0,1,0
0.11008493922152567,1.0342685351758857e-18,0.11008493922152565,0.0,0.0,3451.88,0,0,0
0.745619485522555,-1.0684469569989962e-17,0.745619485522555,0.0,0.0,80.47,0,1,0
0.8478386978296016,2.4668426880692977e-17,0.8478386978296016,0.0,0.0,5826.58,0,0,0
20.303102206724372,5.935346993085222e-16,20.303102206724372,0.0,0.0,969.31,0,0,1
20.373112229789754,4.324809671418318e-16,20.373112229789754,0.0,0.0,506.55,0,0,1
85.82574772431732,-6.441494951870502e-17,85.8257477243173,0.0,0.0,92.28,0,0,1
84.58571618566296,2.4807248073895103e-15,84.58571618566299,0.0,0.0,75.19,0,0,1
85.82574772431732,-6.441494951870502e-17,85.8257477243173,0.4666666666666667,0.09999999999999999,92.28,0,0,1
84.52535760728217,1.7036981105817847e-15,84.52535760728219,0.0,0.0,92.28,0,0,1
0.11195050958213434,1.5486734986359506e-18,0.11195050958213434,0.125,0.02941176470588235,1205.89,0,0,1
0.1000934205258241,2.879289608957611e-18,0.1000934205258241,0.375,0.08823529411764705,149.86,0,1,1
0.12438945509126038,2.2612446601318633e-18,0.12438945509126038,0.037500000000000006,0.008823529411764706,1205.89,0,0,0
10.757180950065713,5.211705584807194e-16,10.757180950065713,0.0,0.0,1316.33,0,0,1
11.003790194400292,3.4294711343359316e-17,11.003790194400292,0.0,0.0,163.58,0,1,1
10.666018399641429,-1.610938021341266e-16,10.666018399641429,0.0,0.0,1316.33,0,0,1
0.5818290317768164,-2.0068492443945025e-18,0.5818290317768164,0.0,0.0,335.15,0,0,0
0.5995203836930456,6.654419223625293e-18,0.5995203836930456,0.0,0.0,175.14,0,0,0
3.7365374752729137,-0.013791141777247018,3.8098029159645392,0.0,0.0,136.49,0,0,0
3.9254170755642788,2.9804355075218236e-17,3.9254170755642788,0.0,0.0,71.33,0,0,0
2.748511223087495,-1.426983373163951e-18,2.7485112230874944,0.2857142857142857,0.08791208791208795,130.98,0,1,1
3.1255700949165193,-2.074316565396376e-16,3.1255700949165197,0.02660497397339503,0.008186145837967703,9483.07,0,0,0
11.245527347077868,2.850976805671964e-16,11.245527347077868,0.0,0.0,117.38,0,0,1
11.083228774571309,-3.571673624189693e-17,11.083228774571309,0.0,0.0,95.64,0,0,1
11.245527347077868,2.850976805671964e-16,11.245527347077868,0.0,0.0,117.38,0,0,1
11.07514056909184,3.845971862131424e-16,11.07514056909184,0.0,0.0,117.38,0,0,1
1.1759488561904239,2.86536315765357e-17,1.1759488561904239,0.0,0.0,2006.89,0,0,0
1.202886928628709,2.241815410003977e-17,1.202886928628709,0.0,0.0,249.4,0,1,0
1.1659831879176237,2.204956410040262e-17,1.1659831879176237,0.0,0.0,2006.89,0,0,0
5.078485687903971,1.1978843323422408e-16,5.078485687903971,0.0,0.0,43.32,0,0,1
5.099150141643059,1.9510340978142336e-16,5.09915014164306,0.09090909090909091,0.04545454545454545,35.3,0,0,1
4.616805170821792,-5.558306512443423e-17,4.616805170821792,0.0,0.0,43.32,0,0,1
4.616805170821792,-5.558306512443423e-17,4.616805170821792,0.0,0.0,43.32,0,0,1
0.10197838058331633,1.0121836376882724e-18,0.10197838058331633,0.0,0.0,147.09,0,1,0
0.049631714297793963,8.419382326212721e-19,0.049631714297793963,0.0,0.0,5440.07,0,0,0
0.02895529302756544,-2.3892532867128095e-19,0.02895529302756544,0.0,0.0,518.04,0,0,0
1.7679202828672453,0.17128483859438534,2.314368370298939,0.08333333333333333,0.031468531468531465,51.85,1,0,1
26.13776137761377,-0.32771656387892567,28.782287822878228,0.0,0.0,27.1,0,0,1
2.4096385542168677,5.241375959391317e-17,2.4096385542168677,0.5,0.02352941176470588,24.9,0,1,0
2.7402123387213084,9.068913411090269e-17,2.7402123387213084,0.020495951417004048,0.000494165277447011,1802.78,0,0,0
0.1044640991712515,1.0570513831876233e-18,0.10446409917125148,0.0,0.0,143.59,0,1,0
0.027412781666331612,1.814261883530296e-19,0.02741278166633162,0.0,0.0,10396.61,0,0,0
0.8100601758987811,0.016337348085353573,0.9257830581700355,0.5,0.047058823529411764,64.81,0,1,0
0.7425856163669207,1.1580496399660505e-17,0.7425856163669207,0.0,0.0,2397.03,0,0,0
0.7009550512573381,1.0167545433538128e-17,0.7009550512573381,0.0,0.0,228.26,0,0,0
0.6891423804428647,1.6849975416213482e-17,0.6891423804428647,0.25,0.07058823529411765,551.41,0,0,1
0.5837711617046119,1.9616449503948658e-17,0.5837711617046119,0.0,0.0,68.52,0,1,0
0.6891423804428647,1.6849975416213482e-17,0.6891423804428647,0.10526315789473684,0.029721362229102165,551.41,0,0,1
0.6846188954815153,2.240824996737007e-17,0.6846188954815153,0.0,0.0,109.55,0,0,0
0.8402419896930315,4.341340481134625e-17,0.8402419896930315,0.0,0.0,89.26,0,0,0
0.6846188954815153,2.240824996737007e-17,0.6846188954815153,0.0,0.0,109.55,0,0,0
0.6846188954815153,2.240824996737007e-17,0.6846188954815153,0.0,0.0,109.55,0,0,0
0.3352891869237217,3.298345864718372e-18,0.3352891869237217,0.0,0.0,59.65,0,1,0
0.18061743375045153,3.1656282781219437e-18,0.18061743375045153,0.0,0.0,4318.52,0,0,0
14.129736673089269,0.61980408801218,19.267822736030826,0.0,0.0,5.19,1,1,1
1.3895700506784368,0.20234792181825037,1.96174595389897,0.0,0.0,20.39,0,0,0
13.047608900253936,-0.019558514044689387,13.318416706621916,0.0,0.0,375.42,0,0,1
47.82561148981154,-6.871430006840698e-18,47.82561148981154,0.0,0.0,274.33,0,0,1
47.99107142857142,4.643920251808315e-16,47.99107142857142,0.0,0.0,143.36,0,0,1
1.2523481527864746,3.0905397516429226e-17,1.2523481527864746,0.0,0.0,15.97,0,1,1
1.7122399211331916,-1.8203244142666184e-17,1.7122399211331913,0.0,0.0,1156.38,0,0,0
1.929518960203671,-0.023225691187636732,2.1867881548974943,0.20784313725490194,3.816670129765298e-18,109.75,0,1,0
2.1976126830830633,7.910433616820817e-17,2.1976126830830633,0.0,0.0,4058.95,0,0,0
2.173238124805961,4.3581275383151426e-17,2.173238124805961,0.0,0.0,386.52,0,0,0
974.8232667741534,-4.316011410145046,1047.7489768076398,0.0,0.0,7.33,1,0,1
880.7674737322978,-7.492005481955224,984.9246231155779,0.0,0.0,5.97,1,0,1
858.7374426392162,-11.013270494853035,1015.0068212824011,0.0,0.0,7.33,1,0,1
986.7295051469675,-2.232419694902632,1031.3778990450205,0.0,0.0,7.33,1,0,1
7.346653382726829,0.31316833454519205,8.016321519490132,0.0,0.0,553.87,0,0,1
558.057705840957,-2.533427163969044,640.3940886699507,0.0,0.0,8.12,1,0,1
595.634320293927,-1.037389237086687,629.3494704992436,0.0,0.0,6.61,1,0,1
594.6516537649544,-1.4074595355383688,640.3940886699507,0.07142857142857142,0.028571428571428577,8.12,1,0,1
579.8733286418017,-2.6849997293347556,620.6896551724138,0.0,0.0,8.12,1,0,1
3.2514114293167387,0.09889679904027095,3.5215860179992173,0.010582010582010581,0.004232804232804234,613.36,0,0,0
52.29591836734696,-9.378648887486318e-16,52.29591836734694,0.11869918699186992,0.04133275261324042,250.88,0,0,1
52.475020974754,3.1093228148615383e-16,52.47502097475402,0.0,0.0,131.11,0,0,1
0.511631079882666,-1.336096903582399e-17,0.5116310798826659,0.4,0.14545454545454542,146.59,0,0,1
0.6279303415941059,3.041102978624759e-18,0.6279303415941059,0.0,0.0,119.44,0,0,0
0.511631079882666,-1.336096903582399e-17,0.5116310798826659,0.0,0.0,146.59,0,0,0
0.511631079882666,-1.336096903582399e-17,0.5116310798826659,0.0,0.0,146.59,0,0,0
0.4865432383293643,2.1558889633943616e-17,0.4865432383293642,0.46153846153846156,0.1153846153846154,781.02,0,0,1
0.41211621677313015,-1.6659417858591196e-18,0.41211621677313004,0.0,0.0,97.06,0,1,0
0.4865432383293643,2.1558889633943616e-17,0.4865432383293642,0.1700404858299595,0.042510121457489884,781.02,0,0,1
207.4656188605108,-7.142247231166804e-15,207.4656188605108,0.0,0.0,25.45,0,0,1
204.43587270973964,1.994286897032348e-15,204.43587270973964,0.0,0.0,20.74,0,0,1
207.4656188605108,-7.142247231166804e-15,207.4656188605108,0.0,0.0,25.45,0,0,1
204.3222003929273,-6.132354162853006e-15,204.3222003929273,0.0,0.0,25.45,0,0,1
2.1570464641289915,-0.0331853302173691,2.264898787335441,0.17142857142857143,0.05274725274725277,211.93,0,1,1
2.2760705122562053,-1.441516824489312e-16,2.276070512256206,0.0,0.0,7838.07,0,0,0
2.2508038585209005,-8.756923724791e-18,2.2508038585209005,0.0,0.0,746.4,0,0,0
3.7531987489337504,1.8213412584137648e-17,3.7531987489337504,0.0,0.0,351.7,0,0,0
3.6998748571739486,9.030569000757253e-17,3.6998748571739486,0.0,0.0,183.79,0,0,0
0.11158223610801161,-1.7581923333987733e-19,0.1115822361080116,0.0,0.0,134.43,0,1,0
0.02928050103560509,1.6061375868251946e-18,0.02928050103560509,0.0,0.0,9733.44,0,0,0
0.9275434013016525,0.01712387817787666,1.0821339681852613,0.0,0.0,92.41,1,0,0
101.64778274117683,-0.069179112459297,103.54110581901016,0.0,0.0,48.29,0,0,1
10.578690214711553,1.975539809885601e-16,10.578690214711552,0.0,0.0,1338.54,0,0,1
10.821209570758684,1.6890219746600253e-16,10.821209570758686,0.0,0.0,166.34,0,1,1
10.489040297637727,3.6128195149967933e-16,10.489040297637725,0.0,0.0,1338.54,0,0,1
6.542504083516796,-0.003133133091316196,6.6756622398977346,0.0,0.0,140.81,0,0,1
5.857142857142858,-0.0470588235294116,6.857142857142857,0.0,0.0,17.5,0,1,1
0.2723925458370905,0.00950335048356583,0.30057108506161706,0.0,0.0,133.08,0,0,0
6.6756622398977346,1.76838148245788e-16,6.6756622398977346,0.0,0.0,140.81,0,0,1
0.09279450656521135,2.0352561076840747e-18,0.09279450656521133,0.0,0.0,215.53,0,1,0
0.09032573718974052,6.449772375695422e-19,0.0903257371897405,0.0,0.0,7971.15,0,0,0
0.07904409343011842,6.32593384012601e-19,0.07904409343011842,0.0,0.0,759.07,0,0,0
11.003667889296432,2.4225430710845003e-16,11.003667889296432,0.0,0.0,119.96,0,0,1
10.8450992428893,2.1946715958692496e-16,10.8450992428893,0.0,0.0,97.74,0,0,1
11.003667889296432,2.4225430710845003e-16,11.003667889296432,0.0,0.0,119.96,0,0,1
10.836945648549516,-9.5444911292589e-17,10.836945648549516,0.0,0.0,119.96,0,0,1
5.188656775484329,1.129163577903371e-16,5.188656775484329,0.0,0.0,2729.03,0,0,1
5.307542607772602,2.1664836312731293e-17,5.307542607772602,0.0,0.0,339.14,0,1,1
5.144685107895479,1.2784368176358138e-17,5.144685107895479,0.0,0.0,2729.03,0,0,1
0.445063113737299,2.7540272207387277e-18,0.4450631137372991,0.022695035460992906,0.00668693009118541,2112.06,0,0,0
0.4521151623677627,0.0010885597809817819,0.4571951080123442,0.26666666666666666,0.07857142857142856,262.47,0,1,1
0.445063113737299,2.7540272207387277e-18,0.4450631137372991,0.028368794326241134,0.008358662613981762,2112.06,0,0,0
0.06389939678969432,-1.0295527665951945e-18,0.06389939678969431,0.0,0.0,2347.44,0,0,0
0.05141916906622789,2.2025794892553555e-19,0.051419169066227885,0.0,0.0,291.72,0,1,0
0.05750945711072487,1.776991766780127e-19,0.057509457110724874,0.0,0.0,2347.44,0,0,0
26.734771504645984,1.1332476530305518e-15,26.73477150464598,0.13747228381374724,0.041019955654101985,736.12,0,0,1
26.82679560165328,5.73564449511176e-17,26.82679560165328,0.0,0.0,384.69,0,0,1
30.55426176059619,8.289025347295309e-16,30.554261760596184,0.0,0.0,214.7,0,0,1
30.65953654188949,1.8089984288705597e-15,30.659536541889484,0.0,0.0,112.2,0,0,1
0.21257576418261892,1.7721210096674123e-18,0.21257576418261892,0.17307692307692307,0.04072398190045249,917.32,0,0,1
0.21903291751846135,6.316035487546494e-18,0.21903291751846135,0.0,0.0,479.38,0,0,0
128.4671532846715,4.1650940218462864e-15,128.46715328467153,0.0,0.0,41.1,0,0,1
126.60495670349358,2.171929073621595e-15,126.60495670349357,0.0,0.0,33.49,0,0,1
128.4671532846715,4.1650940218462864e-15,128.46715328467153,0.0,0.0,41.1,0,0,1
126.5206812652068,2.44207136397804e-15,126.5206812652068,0.0,0.0,41.1,0,0,1
4.264392324093817,0.24121815166591298,4.738213693437574,0.0,0.0,42.21,1,0,1
218.49501359927473,-0.4615511415148763,224.84134179510428,0.28291666666666665,0.12007575757575759,22.06,0,0,1
0.17611835153222966,5.401427731227419e-18,0.17611835153222966,0.0,0.0,766.53,0,0,0
0.31492756665966826,9.038028435662583e-18,0.31492756665966826,0.0,0.0,95.26,0,1,0
0.17611835153222966,5.401427731227419e-18,0.17611835153222966,0.0,0.0,766.53,0,0,0
0.37011027388160256,-2.3249193859716734e-18,0.37011027388160267,0.041025641025641026,0.007692307692307691,526.87,0,0,0
0.3813605491591909,2.264555465600452e-18,0.3813605491591908,0.5333333333333333,0.09999999999999999,275.33,0,0,0
1.2926962660965544,6.377529902046882e-17,1.2926962660965544,0.0,0.0,402.26,0,0,0
1.3319379697459799,5.1651505453402383e-17,1.3319379697459803,0.0,0.0,210.22,0,0,0
0.5869937179182954,2.1833980652038294e-17,0.5869937179182955,0.0,0.0,1601.38,0,0,0
0.6029847746344404,8.355010089637484e-18,0.6029847746344406,0.0,0.0,199.01,0,1,0
0.5869937179182954,2.1833980652038294e-17,0.5869937179182955,0.0,0.0,1601.38,0,0,0
162.67839123540435,-0.08205719608343852,164.4803229061554,0.0,0.0,118.92,0,0,1
164.28341532944043,-0.05517495057244508,166.07660122304475,0.0,0.0,62.14,0,0,1
4.214393775664578,0.12468620638060875,4.53857791225416,0.0,0.0,105.76,0,0,1
0.382262996941896,8.106467143789201e-18,0.382262996941896,0.0,0.0,52.32,0,1,0
0.20590471363405977,8.246288125988502e-19,0.20590471363405982,0.0,0.0,3788.16,0,0,0
0.5292494791959913,1.9274491270973998e-17,0.5292494791959912,0.0,0.0,1776.1,0,0,0
0.5436752446538601,-6.093793246536653e-18,0.5436752446538601,0.0,0.0,220.72,0,1,0
0.5292494791959913,1.9274491270973998e-17,0.5292494791959912,0.0,0.0,1776.1,0,0,0
3.8895791691426713,1.8856809728045781e-16,3.8895791691426718,0.0,0.0,185.11,0,1,1
3.908806207347854,1.1560851713743087e-16,3.9088062073478547,0.0,0.0,6846.08,0,0,0
3.86544567668308,-8.940274991197591e-17,3.8654456766830796,0.0,0.0,651.93,0,0,0
4.310860974733565,6.924323758236056e-17,4.310860974733565,0.0,0.0,83.51,0,1,1
4.902317519334714,7.894016979751231e-17,4.902317519334714,0.0,0.0,6046.12,0,0,1
0.4384042086804032,7.759419664850475e-18,0.43840420868040336,0.26666666666666666,0.07857142857142856,45.62,0,1,1
0.23613108302429434,5.028185580191467e-18,0.23613108302429425,0.07521367521367521,0.02216117216117216,3303.25,0,0,1
24.73442207071508,0.594577453622959,26.954177897574123,0.5294117647058824,1.48762163093542e-17,22.26,0,1,1
18.274080546995968,-0.008212823831643493,18.392345210171637,0.05375516060082569,-0.00041577606652416863,1611.54,0,0,1
3.909404519834844,-1.3303095134193473e-16,3.909404519834844,0.0,0.0,2414.69,0,0,0
3.998933617701945,-3.3785356448562065e-17,3.9989336177019466,0.0,0.0,300.08,0,1,0
3.876273973056583,-1.995423381115853e-16,3.8762739730565827,0.0,0.0,2414.69,0,0,0
2.864303616183315,9.04357640030023e-18,2.864303616183315,0.1875,0.057352941176470586,83.79,0,1,1
3.25713569860286,1.1461700754850654e-16,3.25713569860286,0.015941295546558702,0.004876160990712074,6066.68,0,0,0
6.713912719134652,1.4896040491261577e-16,6.713912719134652,0.0,0.0,53.62,0,1,1
7.635141226929069,-9.27451751713654e-17,7.635141226929071,0.0,0.0,3882.05,0,0,1
4.18147606104955,-1.3387707447888827e-17,4.18147606104955,0.0,0.0,47.83,0,0,1
4.6189376443418,-2.0399760811374544e-16,4.618937644341801,0.0,0.0,38.97,0,0,1
4.18147606104955,-1.3387707447888827e-17,4.18147606104955,0.4166666666666667,0.12237762237762237,47.83,0,0,1
4.599623667154505,4.9570903231281055e-17,4.599623667154506,0.0,0.0,47.83,0,0,1
19.9252801992528,5.297765547632181e-16,19.925280199252803,0.0,0.0,8.03,1,0,1
24.427480916030536,9.997635014074918e-16,24.427480916030536,0.0,0.0,6.55,1,0,1
18.340314728857695,-0.4302049133929579,24.906600249066006,0.0,0.0,8.03,1,0,1
22.642363862787278,-0.11321181931393647,24.906600249066006,0.0,0.0,8.03,1,0,1
0.24850820226771217,0.007185779342680828,0.26347857589829726,0.0,0.0,607.26,0,0,0
13.691432197172483,-0.07362811479163803,14.038427220272439,0.6666666666666666,0.11188811188811187,168.11,0,0,1
12.60571246210308,-0.04686553274394343,14.360938247965533,0.6666666666666666,0.11188811188811187,20.89,0,1,1
0.7238622773336689,0.11576514377546666,1.258890917102033,0.6666666666666666,0.11188811188811187,158.87,0,0,1
13.800487775861042,-0.02995041957625954,13.919457498066741,0.6666666666666666,0.11188811188811187,168.11,0,0,1
0.671391271913465,-1.7660422593774475e-18,0.671391271913465,0.0,0.0,134.05,0,0,0
0.549299642955232,5.87483048905986e-19,0.549299642955232,0.0,0.0,109.23,0,0,0
0.5594927265945542,2.6792477325369524e-18,0.5594927265945542,0.0,0.0,134.05,0,0,0
0.5594927265945542,2.6792477325369524e-18,0.5594927265945542,0.0,0.0,134.05,0,0,0
3.097893432465923,0.2599630852418956,3.717472118959108,0.0,0.0,5.38,1,1,1
0.0,0.0,0.0,0.0,0.0,21.15,0,0,1
5.092782799233086,-0.0035913141911499075,5.135579293344289,0.0,0.0,389.44,0,0,1
1.9602077820248949,-1.1718719913594045e-17,1.9602077820248947,0.0,0.0,102.03,0,0,0
2.165022853019004,7.657029214576191e-17,2.165022853019004,0.0,0.0,83.14,0,0,0
2.1562285602273836,-1.721960707658994e-17,2.156228560227384,0.0,0.0,102.03,0,0,0
1.9602077820248949,-1.1718719913594045e-17,1.9602077820248947,0.3076923076923077,0.0989010989010989,102.03,0,0,1
0.14576868044820035,3.203077928375191e-18,0.14576868044820035,0.13622291021671828,0.03689370485036119,2606.87,0,0,1
0.12347203358439315,1.6091448333364163e-18,0.12347203358439314,0.0,0.0,323.96,0,1,0
0.14576868044820035,3.203077928375191e-18,0.14576868044820035,0.0,0.0,2606.87,0,0,0
4.958677685950413,0.29243483788938335,6.9930069930069925,0.36363636363636365,0.12727272727272726,14.3,0,1,1
4.761302605280813,-0.004039467352322344,4.771840346199915,0.08220583133475119,0.028714723139810244,1035.24,0,0,1
12.405237767057201,4.902968537794906e-16,12.405237767057201,0.0,0.0,29.02,0,1,1
14.10635928383099,4.367470141901601e-16,14.106359283830992,0.0,0.0,2101.18,0,0,1
0.0933184023889511,2.951600463914456e-18,0.0933184023889511,0.4117647058823529,0.08578431372549018,160.74,0,1,1
0.04541761496964589,3.389104951806282e-19,0.04541761496964589,0.11437908496732027,0.023828976034858382,5944.83,0,0,1
0.02649661726519581,2.2009587058108945e-19,0.02649661726519581,0.0,0.0,566.11,0,0,0
0.08479247042862594,8.708883141147345e-19,0.08479247042862594,0.0,0.0,235.87,0,1,0
0.08253634178299132,2.6554992735351037e-18,0.08253634178299132,0.0,0.0,8723.43,0,0,0
0.07222737176632037,1.2860600824874136e-18,0.07222737176632037,0.0,0.0,830.71,0,0,0
0.12357997455167928,-3.7318198349099915e-18,0.12357997455167931,0.07142857142857142,0.02417582417582418,1092.41,0,0,1
0.11049723756906074,-2.2932810118232065e-18,0.11049723756906077,0.21428571428571427,0.07252747252747256,135.75,0,1,1
0.13731108283519916,-2.742387829293763e-18,0.13731108283519922,0.06428571428571428,0.02175824175824176,1092.41,0,0,1
38.19997106062799,-6.591248240663684e-16,38.19997106062799,0.0,0.0,138.22,0,0,1
37.648730243296036,1.9711230554441257e-15,37.648730243296036,0.0,0.0,112.62,0,0,1
38.19997106062799,-6.591248240663684e-16,38.19997106062799,0.0,0.0,138.22,0,0,1
37.62118362031544,3.0218561970624785e-15,37.62118362031544,0.0,0.0,138.22,0,0,1
0.36961744594344853,-6.621068341014859e-18,0.36961744594344853,0.0,0.0,108.22,0,1,0
0.4497425224059226,-1.3646360825331693e-17,0.4497425224059226,0.0,0.0,4002.29,0,0,0
0.419804266260856,-2.474516778721334e-17,0.4198042662608559,0.0,0.0,381.13,0,0,0
0.12097749818533751,-1.9161179847263392e-18,0.12097749818533753,0.0,0.0,165.32,0,1,0
0.06516633707538491,2.1495761881551502e-18,0.06516633707538491,0.0,0.0,11969.37,0,0,0
64.52200856648138,-2.4426433379721516e-16,64.52200856648136,0.0,0.0,219.46,0,0,1
65.63989732306565,0.04615846200004831,70.40704070407041,0.0,0.0,27.27,0,1,1
0.9643201542912246,0.08092197098947339,1.1571841851494695,0.0,0.0,207.4,0,0,0
63.10945046933381,-0.08221069006633354,63.97521188371457,0.0,0.0,219.46,0,0,1
1.3549370518827974,9.678084740236699e-18,1.354937051882798,0.0,0.0,177.13,0,1,0
1.361642886255498,2.1765369592794406e-17,1.3616428862554975,0.052316890881913304,0.011210762331838566,6550.91,0,0,0
1.3465206867255506,2.909610076587948e-17,1.3465206867255501,0.0,0.0,623.83,0,0,0
0.11311364150516548,5.374170418434945e-18,0.11311364150516551,0.0,0.0,132.61,0,1,1
0.029683851359937008,8.613443544269816e-19,0.029683851359937008,0.0,0.0,9601.18,0,0,1
4.496115908344009,9.828763325040975e-17,4.496115908344009,0.0,0.0,2099.59,0,0,1
4.5991108385712085,-1.1159507473614684e-16,4.599110838571209,0.0,0.0,260.92,0,1,1
4.458013231154653,5.4024343738544034e-17,4.458013231154654,0.0,0.0,2099.59,0,0,1
6.41825637368515,5.1951951539533786e-17,6.418256373685148,0.2,0.0642857142857143,56.09,0,1,1
7.2989105809578225,9.106439171599483e-17,7.298910580957822,0.044534412955465584,0.014314632735685364,4060.88,0,0,1
2.3999999999999995,-1.4793274123837645e-16,2.4,0.0,0.0,25.0,0,1,0
2.729523051761482,-1.8116639825610471e-16,2.7295230517614817,0.0,0.0,1809.84,0,0,0
0.6974311286760432,3.941391712994722e-17,0.6974311286760432,0.0,0.0,86.03,0,1,0
0.5594124283842096,9.923946634187301e-18,0.5594124283842095,0.0,0.0,3181.91,0,0,1
0.5280528052805281,2.9522292929083125e-17,0.528052805280528,0.0,0.0,303.0,0,0,0
0.2182214948172395,6.5125982318990534e-18,0.2182214948172395,0.0,0.0,91.65,0,1,0
0.21240316480715565,1.2655786710399897e-17,0.21240316480715563,0.0,0.0,3389.78,0,0,0
0.18587360594795538,-4.710784758234065e-18,0.18587360594795538,0.0,0.0,322.8,0,0,0
56.35005336179294,2.157612507967681e-15,56.35005336179295,0.0,0.0,93.7,0,0,1
55.53372626064178,-4.327673246799456e-16,55.533726260641785,0.0,0.0,76.35,0,0,1
56.35005336179294,2.157612507967681e-15,56.35005336179295,0.0,0.0,93.7,0,0,1
55.49626467449308,1.832994337767557e-15,55.49626467449306,0.0,0.0,93.7,0,0,1
1.3046314416177434,2.741935071366571e-17,1.304631441617743,0.0,0.0,15.33,0,1,0
1.270154888332216,-1.1848892288216838e-17,1.270154888332216,0.20512820512820512,0.07326007326007325,566.86,0,0,1
1.1115227862171173,3.0418589356645294e-17,1.1115227862171175,0.07692307692307693,0.02747252747252747,53.98,0,0,1
183.65217391304347,1.3877220993973061e-15,183.65217391304347,0.0,0.0,28.75,0,0,1
180.96457533077248,2.9438234851238748e-15,180.9645753307725,0.0,0.0,23.43,0,0,1
183.65217391304347,1.3877220993973061e-15,183.65217391304347,0.5384615384615384,0.1153846153846154,28.75,0,0,1
180.8695652173913,4.654927767996718e-15,180.8695652173913,0.0,0.0,28.75,0,0,1
39.059032401242796,1.140570384691919e-15,39.05903240124279,0.0,0.0,135.18,0,0,1
38.49296413980936,4.99747069810526e-16,38.49296413980935,0.0,0.0,110.15,0,0,1
39.059032401242796,1.140570384691919e-15,39.05903240124279,0.0,0.0,135.18,0,0,1
38.467228880011824,9.202674449129523e-16,38.46722888001183,0.0,0.0,135.18,0,0,1
19.968822941441946,0.0022150663273930067,19.979898273078913,0.0,0.0,984.99,0,0,1
20.048956754866534,9.472312532012393e-16,20.048956754866534,0.0,0.0,514.74,0,0,1
0.528169014084507,0.047206314811948605,0.704225352112676,0.0,0.0,42.6,1,0,0
12.466307277628033,-0.09034092592044128,13.477088948787062,0.0,0.0,22.26,0,0,1
1.2908777969018934,-5.2259273286028845e-17,1.2908777969018934,0.42857142857142855,0.10549450549450552,11.62,0,1,1
0.3388460212343506,-1.3686472731915579e-17,0.33884602123435065,0.15789473684210525,0.03886639676113361,841.09,0,0,1
1.1980830670926519,1.486199194477419e-17,1.1980830670926519,0.23076923076923078,0.08241758241758242,12.52,0,1,1
0.3144862288135593,1.914184819649591e-18,0.3144862288135593,0.09716599190283401,0.034702139965297855,906.24,0,0,1
0.6678044075090895,1.077653748212131e-17,0.6678044075090895,0.0,0.0,134.77,0,0,0
0.5463983243784719,6.150031306351123e-18,0.5463983243784719,0.0,0.0,109.81,0,0,0
0.5565036729242413,4.1728985906992755e-19,0.5565036729242413,0.0,0.0,134.77,0,0,0
0.5565036729242413,4.1728985906992755e-19,0.5565036729242413,0.0,0.0,134.77,0,0,0
38.39441535776614,1.9364541930883233e-16,38.39441535776614,0.0,0.0,34.38,0,0,1
37.84362727597286,1.9141921992931464e-15,37.843627275972864,0.0,0.0,28.01,0,0,1
38.39441535776614,1.9364541930883233e-16,38.39441535776614,0.0,0.0,34.38,0,0,1
37.81268179173937,1.944503908360051e-15,37.81268179173938,0.0,0.0,34.38,0,0,1
0.46698757094618865,-1.1037037703816162e-17,0.46698757094618865,0.0,0.0,417.57,0,0,0
0.48118784656981806,9.520725959797585e-19,0.48118784656981806,0.0,0.0,218.21,0,0,0
0.5728563593150098,-6.1566584940652484e-18,0.57285635931501,0.10212765957446807,0.013677811550151974,1640.9,0,0,0
0.5884660651235779,-3.267488138549213e-18,0.5884660651235779,0.0,0.0,203.92,0,1,0
0.5728563593150098,-6.1566584940652484e-18,0.57285635931501,0.0,0.0,1640.9,0,0,0
0.5978477481068155,2.1749085286291108e-17,0.5978477481068155,0.08333333333333333,0.038461538461538464,100.36,0,1,1
0.6798592388604238,-2.2325958093097825e-17,0.6798592388604238,0.0,0.0,7266.21,0,0,0
4.655521033683484,-6.056491993600495e-17,4.655521033683484,0.0,0.0,3041.55,0,0,1
4.762156727869199,1.0231711859841254e-16,4.7621567278692,0.0,0.0,377.98,0,1,1
4.616067465601419,-1.9280385511815563e-17,4.61606746560142,0.0,0.0,3041.55,0,0,1
5.015993793770391,-8.820422443564027e-17,5.015993793770391,0.13867488443759632,0.04160246533127889,940.99,0,0,1
5.130836326321189,-6.532707900374526e-17,5.13083632632119,0.0,0.0,116.94,0,1,1
4.973485371789287,1.7393271152753885e-16,4.973485371789286,0.0,0.0,940.99,0,0,1
44.050496911093205,-1.3610890381399117e-15,44.050496911093205,0.08318815331010453,0.00963548646475476,446.76,0,0,1
44.202681286674945,-1.4038731916321403e-15,44.202681286674945,0.0,0.0,233.47,0,0,1
9.457900807381776,2.1139584620471862e-16,9.457900807381776,0.0,0.0,346.8,0,0,1
9.490702422336257,3.4197453571985564e-17,9.490702422336259,0.0,0.0,181.23,0,0,1
0.9926901904160275,-0.02650539605688052,1.0829347531811209,0.0,0.0,110.81,0,1,0
1.2314733681419836,-5.638372757546135e-18,1.2314733681419834,0.0,0.0,8022.91,0,0,1
1.8690860947782406,2.876273952429196e-17,1.8690860947782406,0.0,0.0,256.81,0,1,0
1.8782664358841537,3.678263378858529e-17,1.8782664358841537,0.0,0.0,9498.12,0,0,0
1.8574208384928357,7.238361606953161e-17,1.8574208384928357,0.0,0.0,904.48,0,0,0
8.72055427251732,2.998927645921597e-16,8.72055427251732,0.0,0.0,1082.5,0,0,1
8.920606601248888,-1.1470842225405697e-16,8.920606601248885,0.0,0.0,134.52,0,1,1
8.646651270207853,3.833713383258167e-17,8.646651270207853,0.0,0.0,1082.5,0,0,1
0.5249343832020996,3.01265113820164e-19,0.5249343832020997,0.5833333333333334,0.12237762237762237,38.1,0,1,1
0.717833448138346,2.4440119909453127e-17,0.717833448138346,0.0,0.0,2758.3,0,0,0
0.9206690194874942,-2.172850521501525e-17,0.9206690194874942,0.0,0.0,130.34,0,1,0
1.0469140407279232,-4.2129946400329074e-18,1.0469140407279232,0.0,0.0,9437.26,0,0,0
0.6995616080589498,4.019787828095962e-17,0.6995616080589497,0.0,0.0,107.21,0,0,0
0.8585164835164836,-3.1741034460503043e-18,0.8585164835164836,0.0,0.0,87.36,0,0,0
0.6995616080589498,4.019787828095962e-17,0.6995616080589497,0.4666666666666667,0.09999999999999999,107.21,0,0,1
0.6995616080589498,4.019787828095962e-17,0.6995616080589497,0.0,0.0,107.21,0,0,0
4.164738546968996,5.478802857677653e-17,4.164738546968996,0.0,0.0,86.44,0,1,1
4.735853156596321,6.772420476236204e-17,4.735853156596321,0.05060728744939271,0.015335541651331122,6258.64,0,0,1
22.612681436210853,0.31968031968031907,34.224598930481285,0.0,0.0,9.35,1,1,1
4.424222618838139,0.8662813519403352,9.85395037832131,0.0,0.0,56.83,0,0,1
51.416176014874495,-0.15103334843031285,52.5234996384671,0.31945199680046044,0.044866669632762965,345.75,0,0,1
53.46294046172539,-4.057951575189658e-15,53.462940461725395,0.6428571428571429,0.09890109890109891,32.92,0,0,1
0.0394423148840688,1.5747933281045673e-18,0.03944231488406881,0.0,0.0,3422.72,0,0,0
0.07053015163982602,2.586974931111195e-18,0.07053015163982602,0.0,0.0,425.35,0,1,0
0.0394423148840688,1.5747933281045673e-18,0.03944231488406881,0.0,0.0,3422.72,0,0,0
12.250233426704016,9.82000914852856e-17,12.250233426704016,0.07532281205164994,0.013570062171209948,267.75,0,0,1
12.292738707833049,5.160357674970507e-16,12.292738707833049,0.0,0.0,139.92,0,0,1
0.3448187317273585,1.1558363614012504e-17,0.3448187317273584,0.0,0.0,2726.07,0,0,0
0.35422262892227774,-7.570180962375582e-19,0.3542226289222777,0.0,0.0,338.77,0,1,0
0.3448187317273585,1.1558363614012504e-17,0.3448187317273584,0.0,0.0,2726.07,0,0,0
3.367759317467445,-5.414640942988349e-17,3.367759317467445,0.0,0.0,22.27,0,0,0
4.132231404958679,1.0996763075603093e-16,4.132231404958678,0.16666666666666666,0.06993006993006992,18.15,0,0,1
3.367759317467445,-5.414640942988349e-17,3.367759317467445,0.0,0.0,22.27,0,0,0
3.367759317467445,-5.414640942988349e-17,3.367759317467445,0.16666666666666666,0.06993006993006992,22.27,0,0,1
2.3446658851113718,6.526878592959711e-17,2.3446658851113718,0.0,0.0,1006.54,0,0,0
2.3984649824112565,1.3257217280790001e-17,2.398464982411257,0.0,0.0,125.08,0,1,0
2.324795835237546,6.725396420885772e-17,2.3247958352375466,0.0,0.0,1006.54,0,0,0
0.36703982382088457,6.772369347833076e-18,0.36703982382088457,0.0,0.0,54.49,0,1,0
0.5018617041499908,1.43218972916873e-17,0.5018617041499908,0.0,0.0,3945.31,0,0,0
228.30786970308455,-2.3046127644378227e-15,228.30786970308446,0.0,0.0,34.69,0,0,1
225.05307855626324,3.822982711224277e-15,225.05307855626324,0.0,0.0,28.26,0,0,1
228.30786970308455,-2.3046127644378227e-15,228.30786970308446,0.0,0.0,34.69,0,0,1
224.84865955606804,1.4199885962309451e-15,224.84865955606804,0.26666666666666666,0.07857142857142856,34.69,0,0,1
0.11596344145134689,2.8540096355863085e-18,0.11596344145134689,0.0,0.0,1164.16,0,0,0
0.10368424690675332,9.961145778491876e-19,0.1036842469067533,0.0,0.0,144.67,0,1,0
0.12884826827927434,3.2631915064496794e-18,0.12884826827927431,0.0,0.0,1164.16,0,0,0
0.5632982081289758,-0.009417733887213781,0.5827222842713543,0.0,0.0,205.93,0,1,0
0.5855815638966646,-1.3676714441357628e-17,0.5855815638966646,0.0,0.0,7616.36,0,0,0
0.5790787133422494,1.864155491515818e-18,0.5790787133422494,0.0,0.0,725.29,0,0,0
10.536890277932805,6.362348425271624e-17,10.536890277932805,0.0,0.0,895.9,0,0,1
10.778765831312315,3.5975380993711273e-16,10.778765831312315,0.0,0.0,111.33,0,1,1
10.44759459761134,1.1122603412222233e-16,10.44759459761134,0.13574660633484165,0.033936651583710405,895.9,0,0,1
3.6468621790001516,-5.265733513173146e-17,3.6468621790001516,0.0,0.0,197.43,0,1,0
3.664909993316606,2.9865900866779104e-17,3.6649099933166065,0.0,0.0,7301.68,0,0,0
3.62423057009722,1.043918729091496e-16,3.6242305700972213,0.13333333333333333,0.04642857142857142,695.32,0,0,1
10.80345710627401,-0.12003841229193304,13.204225352112676,0.0,0.0,5.68,1,0,1
10.013744354997055,-0.1472609463970153,12.958963282937365,0.0,0.0,4.63,1,0,1
13.68437900128041,-0.21606914212548048,15.845070422535212,0.0,0.0,5.68,1,0,1
13.204225352112674,3.861452912494195e-16,13.204225352112676,0.0,0.0,5.68,1,0,1
0.09212471356626416,0.006035757095720753,0.10483157060988678,0.0,0.0,429.26,0,0,0
1.0934379821436018,1.3514462310807326e-17,1.0934379821436018,0.0,0.0,2158.33,0,0,0
1.1184848258891953,2.612352964750437e-17,1.1184848258891953,0.0,0.0,268.22,0,1,0
1.0841715585661136,3.603843551935337e-17,1.0841715585661136,0.0,0.0,2158.33,0,0,0
6.491750067622395,-3.411113701435821e-17,6.491750067622397,0.0,0.0,73.94,0,1,1
6.523376651869621,2.185112269969978e-17,6.5233766518696195,0.03923766816143497,0.01152435008937251,2734.78,0,0,1
6.45086971547057,1.7418568410916952e-16,6.450869715470568,0.0,0.0,260.43,0,0,1
10.154861640010154,0.15957639720015981,10.561056105610561,0.0,0.0,15.15,0,1,1
8.975364028143373,-0.002203772417624171,9.006216841990119,0.0,0.0,1097.02,0,0,1
13.934402031116228,-7.923573474703938e-18,13.934402031116228,0.0,0.0,338.73,0,0,1
14.255167498218103,3.8850650854919217e-16,14.255167498218103,0.0,0.0,42.09,0,1,1
13.816313878310158,1.9058396848786855e-16,13.816313878310158,0.0,0.0,338.73,0,0,1
0.12729124236252545,4.100079975463888e-18,0.12729124236252545,0.0,0.0,157.12,0,1,0
0.06856395434695471,2.7690004008511006e-18,0.06856395434695471,0.0,0.0,11376.24,0,0,0
37.05586623736089,1.0335519232949287e-15,37.055866237360895,0.0,0.0,531.09,0,0,1
37.183829357930385,9.6616448431106e-16,37.183829357930385,0.19320214669051877,0.06210069000766675,277.54,0,0,1
6.593627500251284,2.781777974451095e-16,6.593627500251282,0.09390243902439023,0.016659407665505225,497.45,0,0,1
6.616402523465151,1.3832186793311977e-16,6.616402523465149,0.5333333333333333,0.09999999999999999,259.96,0,0,1
1.1550465704947042,-2.6432823546355837e-17,1.155046570494704,0.0,0.0,813.82,0,0,0
1.1865915158706615,-5.1837476572009274e-17,1.1865915158706615,0.0,0.0,101.13,0,1,0
1.1550465704947042,-2.6432823546355837e-17,1.155046570494704,0.0,0.0,813.82,0,0,0
1.9382975286706514,5.1105617375334154e-17,1.938297528670651,0.0,0.0,247.64,0,1,1
1.9478725715739449,-5.02949499865217e-17,1.9478725715739444,0.0,0.0,9158.71,0,0,0
1.9262520638414966,6.51650999705395e-18,1.926252063841497,0.0,0.0,872.16,0,0,0
86.86115376178986,-4.774647709945581e-16,86.86115376178986,0.0,0.0,91.18,0,0,1
85.61044555121819,1.458363553184847e-15,85.61044555121819,0.0,0.0,74.29,0,0,1
86.86115376178986,-4.774647709945581e-16,86.86115376178986,0.25,0.07058823529411765,91.18,0,0,1
85.54507567449001,1.4606805858971478e-15,85.54507567449001,0.0,0.0,91.18,0,0,1
5.817930813462595,2.316036999357746e-16,5.817930813462594,0.0,0.0,1622.57,0,0,1
5.95120015869867,1.2130227331043685e-16,5.951200158698671,0.0,0.0,201.64,0,1,1
5.768626315043419,1.7961511530530454e-16,5.768626315043419,0.0,0.0,1622.57,0,0,1
5.715046797999734,-1.3889977279321758e-17,5.715046797999734,0.027118644067796613,0.0057203389830508475,1651.78,0,0,1
5.845958980854486,2.829533546834655e-16,5.845958980854484,0.4666666666666667,0.09999999999999999,205.27,0,1,1
5.666614198016687,3.538723088938313e-17,5.666614198016685,0.02792022792022792,0.0059829059829059825,1651.78,0,0,1
16.72701310622673,4.711305694590689e-16,16.72701310622673,0.06984478935698447,0.03143015521064301,196.09,0,0,1
16.78540060505514,1.8387673750209981e-16,16.785400605055138,0.0,0.0,102.47,0,0,1
1.7587805787986996,6.809287900697445e-17,1.7587805787986996,0.0,0.0,750.52,0,0,0
1.7337650748323603,2.5267334425865527e-17,1.7337650748323603,0.0,0.0,392.21,0,0,0
2.084418968212611,-8.904730450254878e-18,2.084418968212611,0.23011363636363638,0.010227272727272722,633.27,0,0,0
2.0547531274551276,2.5244865880427143e-17,2.0547531274551276,0.0,0.0,330.94,0,0,0
2.0824897321686815,-6.84179030751997e-17,2.0824897321686815,0.42857142857142855,0.10549450549450552,172.87,0,1,1
2.368066574308874,-5.70292018305538e-17,2.3680665743088745,0.003470213996529786,0.0008542065222227168,12516.54,0,0,0
0.9359287101110173,-1.5413551257376046e-17,0.9359287101110171,0.0,0.0,1004.35,0,0,0
0.961461421360468,-4.357955639427962e-17,0.9614614213604679,0.0,0.0,124.81,0,1,0
0.9359287101110173,-1.5413551257376046e-17,0.9359287101110171,0.0,0.0,1004.35,0,0,0
1.9305877496586548,-0.037517494730208684,2.133807512780618,0.5,0.1076923076923077,224.95,0,1,1
2.1443029332717924,-7.868408185971233e-17,2.144302933271793,0.04035874439461883,0.00869265263884098,8319.72,0,0,0
2.120515992224775,6.460305003203629e-18,2.120515992224775,0.0,0.0,792.26,0,0,0
0.07097903752425117,2.106041269218622e-18,0.07097903752425117,0.0,0.0,211.33,0,1,0
0.03454421467566181,1.523935045731568e-19,0.03454421467566181,0.0,0.0,7816.07,0,0,0
0.02015316404675534,4.64039481692922e-19,0.02015316404675534,0.0,0.0,744.3,0,0,0
1.251042535446205,4.648363117937037e-19,1.2510425354462051,0.0,0.0,191.84,0,1,0
1.2571826424231494,-1.9362423536328442e-17,1.2571826424231491,0.0,0.0,7095.23,0,0,0
1.2432288429091558,-2.3066820685723595e-17,1.2432288429091556,0.0,0.0,675.66,0,0,0
0.6014275991959862,2.3487907379656722e-17,0.6014275991959862,0.0,0.0,631.83,0,0,0
0.5094243504839532,7.729602903348073e-18,0.5094243504839532,0.0,0.0,78.52,0,1,0
0.6014275991959862,2.3487907379656722e-17,0.6014275991959862,0.0,0.0,631.83,0,0,0
0.3729951510630362,-8.726769580787499e-18,0.3729951510630362,0.0,0.0,53.62,0,1,0
0.3630715856142971,-2.407954048314204e-17,0.363071585614297,0.0,0.0,1983.08,0,0,0
0.31772929464096583,-2.880092413804454e-18,0.3177292946409659,0.35714285714285715,0.09890109890109894,188.84,0,0,1
2.0852641334569038,6.910515747414673e-18,2.0852641334569046,0.0,0.0,43.16,0,0,0
1.705999431333523,5.4716231631026885e-17,1.7059994313335227,0.3076923076923077,0.0989010989010989,35.17,0,0,1
1.7377201112140876,6.091770080134292e-17,1.7377201112140872,0.0,0.0,43.16,0,0,0
1.7377201112140876,6.091770080134292e-17,1.7377201112140872,0.0,0.0,43.16,0,0,0
1.057827926657264,-1.4810534739486997e-17,1.0578279266572639,0.0,0.0,113.44,0,1,0
1.2029079203207431,2.48179885144217e-17,1.202907920320743,0.0,0.0,8213.43,0,0,0
1.8266457801714835,-0.0027676451214719276,1.8349487155358992,0.0,0.0,106.27,0,0,0
1.89086980010805,-2.951239879971728e-17,1.8908698001080497,0.29411764705882354,0.07352941176470587,55.53,0,0,1
38.79131925965349,4.876207272629279e-16,38.791319259653484,0.0,0.0,507.33,0,0,1
38.92576946288473,4.915089445430365e-16,38.92576946288473,0.0,0.0,265.12,0,0,1
5.514705882352941,-4.320705549781625e-17,5.514705882352941,0.0,0.0,43.52,0,1,1
6.271661990427463,-1.9191988903204456e-16,6.2716619904274635,0.0,0.0,3150.68,0,0,1
2.2744503411675514,1.6730050780756358e-18,2.2744503411675514,0.0,0.0,52.76,0,1,0
2.5864077466576965,1.510143521009207e-17,2.5864077466576965,0.0,0.0,3819.97,0,0,0
1.1339582703356519,-3.101777959462512e-17,1.1339582703356517,0.0,0.0,66.14,0,0,0
1.1133791055854518,6.033701991794075e-18,1.1133791055854518,0.0,0.0,53.89,0,0,0
1.3607499244027819,-2.185956375778021e-17,1.3607499244027819,0.0,0.0,66.14,0,0,0
1.1339582703356519,-3.101777959462512e-17,1.1339582703356517,0.0,0.0,66.14,0,0,0
2.6773761713520745,7.559488588459011e-17,2.677376171352075,0.0,0.0,82.17,0,0,0
2.68857356235997,3.7089636882424685e-17,2.68857356235997,0.0,0.0,66.95,0,0,0
2.4339783375927952,-7.99370855906011e-17,2.4339783375927952,0.0,0.0,82.17,0,0,0
2.4339783375927952,-7.99370855906011e-17,2.4339783375927952,0.0,0.0,82.17,0,0,0
4.288394532296971,0.7083508825669103,10.452961672473867,0.3076923076923077,0.0989010989010989,5.74,1,1,1
0.0,0.0,0.0,0.0,0.0,22.57,0,0,1
4.752862266937624,-0.009782816192517259,4.812087964968,0.15579658436801294,0.049896243037417035,415.62,0,0,1
21.3000844210663,6.80155156041944e-16,21.300084421066302,0.0,0.0,153.99,0,0,1
21.37442525164658,5.326972824030621e-16,21.374425251646578,0.0,0.0,80.47,0,0,1
0.0,0.0,0.0,0.0,0.0,136.94,0,0,0
92.61939218523878,-2.6823949279308693e-17,92.61939218523878,0.21966911764705882,0.0006893382352941217,13.82,1,0,1
90.6906279385644,-0.03482743008393183,92.36234458259325,0.21453287197231835,4.1847822430082565e-18,11.26,1,0,1
87.59683323401721,-0.20217927981612,92.61939218523878,0.21906139504982325,0.00023170470373942606,13.82,1,0,1
91.25734230016174,-0.028376039272435555,92.61939218523878,0.20448179271708683,-0.00031123560535325194,13.82,1,0,1
0.21743722626709286,0.0034267956643993496,0.2298300215465645,0.47058823529411764,0.009803921568627465,1044.25,0,0,0
5.921911070962562,1.6826169713091004e-16,5.921911070962562,0.0,0.0,1594.08,0,0,1
6.057546693589097,-1.2596069396702313e-18,6.057546693589097,0.0,0.0,198.1,0,1,1
5.871725383920507,9.192020149380535e-17,5.871725383920507,0.0,0.0,1594.08,0,0,1
129.22173274596182,-2.561765545840802e-17,129.22173274596182,0.0,0.0,40.86,0,0,1
127.36557524782215,1.6502201449646387e-15,127.36557524782218,0.5333333333333333,0.014285714285714287,33.29,0,0,1
129.22173274596182,-2.561765545840802e-17,129.22173274596182,0.0,0.0,40.86,0,0,1
127.26382770435634,1.3873646682178633e-15,127.26382770435634,0.0,0.0,40.86,0,0,1
9.937574347583507,1.8616115218805816e-16,9.937574347583507,0.0,0.0,949.93,0,0,1
10.16518424396442,4.912173545510156e-16,10.165184243964422,0.0,0.0,118.05,0,1,1
9.853357615824324,7.443766164280856e-16,9.853357615824324,0.0,0.0,949.93,0,0,1
0.2841485691089912,0.007611122386847977,0.3044448954739192,0.0,0.0,49.27,1,0,0
11.106796116504851,-0.014563106796116169,11.650485436893204,0.0,0.0,25.75,0,0,1
42.58872651356993,0.6073258682862032,43.84133611691023,0.0,0.0,19.16,0,1,1
37.6370950666949,-0.016425102175685106,37.77260215964429,0.0,0.0,708.45,0,0,1
37.355469908093696,1.1957735871233562e-15,37.35546990809369,0.0,0.0,67.46,0,0,1
0.2682211572848866,8.196490300888399e-18,0.2682211572848866,0.0,0.0,559.24,0,0,0
0.2158273381294964,6.3674839300685434e-18,0.2158273381294964,0.0,0.0,69.5,0,1,0
0.24139904155639796,2.1476388177804662e-18,0.24139904155639796,0.3819444444444444,0.05277777777777778,559.24,0,0,0
150.38450583879236,-4.322439678258114e-15,150.38450583879236,0.0,0.0,35.11,0,0,1
148.1999300943726,-4.215930429985333e-15,148.1999300943726,0.0,0.0,28.61,0,0,1
150.38450583879236,-4.322439678258114e-15,150.38450583879236,0.5,0.1076923076923077,35.11,0,0,1
148.10595272002277,-3.4458955987827015e-15,148.1059527200228,0.0,0.0,35.11,0,0,1
0.6533812479581835,1.3763182024754992e-17,0.6533812479581836,0.09090909090909091,0.04545454545454545,30.61,0,1,1
0.35189980780856656,6.8178804710139955e-18,0.3518998078085665,0.037296037296037296,0.018648018648018648,2216.54,0,0,1
36.55497092218223,1.2907781961620704e-15,36.55497092218222,0.0,0.0,36.11,0,0,1
36.02991162474507,6.197200225159616e-16,36.02991162474507,0.0,0.0,29.42,0,0,1
36.55497092218223,1.2907781961620704e-15,36.55497092218222,0.0,0.0,36.11,0,0,1
36.00110772639158,1.4094209441305869e-15,36.00110772639158,0.46153846153846156,0.1153846153846154,36.11,0,0,1
1.9928589221954665,-1.8472225910846902e-17,1.9928589221954662,0.0,0.0,120.43,0,1,0
2.266177190743079,7.681856588865434e-17,2.266177190743079,0.0,0.0,8719.53,0,0,0
35.932721712538225,-0.2459314385919888,38.2262996941896,0.0,0.0,13.08,1,0,1
39.593114241001565,-0.07222824124232662,41.31455399061033,0.0,0.0,10.65,1,0,1
38.35372069317023,-0.05880969183721478,39.75535168195719,0.0,0.0,13.08,1,0,1
35.55045871559633,-0.17642907551164308,39.75535168195719,0.0,0.0,13.08,1,0,1
0.14334814035300747,0.007146768659310777,0.16189907616339663,0.0,0.0,988.27,0,0,0
91.78248297733421,-1.4567635746182256e-15,91.78248297733421,0.08943089430894309,0.0131758485417022,214.42,0,0,1
92.10174029451139,4.847120483251472e-16,92.10174029451139,0.6666666666666666,0.11188811188811187,112.05,0,0,1
6.671000932809452,3.7494128794435995e-17,6.671000932809453,0.0,0.0,353.77,0,0,1
6.824385805277526,2.1831318566150672e-16,6.824385805277525,0.0,0.0,43.96,0,1,1
0.05483604023968335,0.0023008128771895104,0.05982113480692729,0.0,0.0,334.33,0,0,0
6.562644279239808,-0.002174381008086549,6.614467026599203,0.0,0.0,353.77,0,0,1
0.8511443162473993,1.5744810084086367e-17,0.8511443162473993,0.0,0.0,105.74,0,0,0
0.6963788300835655,9.174383375421649e-18,0.6963788300835655,0.0,0.0,86.16,0,0,0
0.7092869302061661,1.0250261774158444e-17,0.7092869302061661,0.0,0.0,105.74,0,0,0
0.7092869302061661,1.0250261774158444e-17,0.7092869302061661,0.0,0.0,105.74,0,0,0
10.905485789821544,9.472984751178181e-17,10.905485789821546,0.0,0.0,121.04,0,0,1
10.748326911377005,4.632788455046994e-16,10.748326911377003,0.0,0.0,98.62,0,0,1
10.905485789821544,9.472984751178181e-17,10.905485789821546,0.0,0.0,121.04,0,0,1
10.740251156642431,-5.696318587079754e-17,10.740251156642431,0.0,0.0,121.04,0,0,1
1.8461538461538465,3.0386839310883544e-17,1.8461538461538463,0.0,0.0,130.0,0,1,1
2.0994162857756042,2.1630528270670596e-17,2.0994162857756047,0.0,0.0,9412.14,0,0,0
1.3550135501355014,4.849313983383326e-17,1.3550135501355014,0.0,0.0,14.76,0,1,0
0.7297016642811035,1.3320537543597347e-17,0.7297016642811035,0.0,0.0,1068.93,0,0,0
39.129138085296745,5.9771197473220405e-16,39.129138085296745,0.0,0.0,335.3,0,0,1
39.26492409542289,5.437527944906746e-16,39.2649240954229,0.0,0.0,175.22,0,0,1
593.8924731182794,-1.9539170506912453,650.3225806451613,0.0,0.0,7.75,1,0,1
576.3713080168776,-2.3960216998191606,645.5696202531645,0.0,0.0,6.32,1,0,1
592.5161290322579,-1.5483870967742106,650.3225806451613,0.0,0.0,7.75,1,0,1
584.258064516129,-2.211981566820271,650.3225806451613,0.0,0.0,7.75,1,0,1
4.496401854538214,0.10142259822266636,4.778564723952555,0.0,0.0,585.95,0,0,1
0.35852178709321564,1.6024783919171037e-17,0.3585217870932157,0.0,0.0,543.9,0,0,0
0.36941913239278046,1.4285245038003173e-17,0.36941913239278046,0.0,0.0,284.23,0,0,0
1.3976938052213845,-0.028524363371864998,1.5574302401038287,0.0,0.0,77.05,0,1,0
1.5651209634968877,6.666692328317166e-17,1.5651209634968875,0.0,0.0,2849.62,0,0,0
1.5477594339622638,1.9981560263031857e-17,1.547759433962264,0.0,0.0,271.36,0,0,0
0.6380803389955778,-0.0013437985377232145,0.6405439696480704,0.0,0.0,811.81,0,0,0
0.6600037714501227,-4.480376721021332e-17,0.6600037714501226,0.0,0.0,424.24,0,0,0
1.5396691220867045,-0.00760017666188415,1.5698587127158554,0.0,0.0,331.24,0,0,0
1.6175621028307337,-2.3550111392390386e-17,1.6175621028307337,0.0,0.0,173.1,0,0,0
2.8985507246376807,8.055023024853866e-17,2.898550724637681,0.0,0.0,75.9,0,0,0
2.910737386804656,8.818067944080897e-17,2.910737386804657,0.0,0.0,61.84,0,0,0
2.6350461133069834,-6.7488097461988415e-18,2.6350461133069825,0.0,0.0,75.9,0,0,0
2.6350461133069834,-6.7488097461988415e-18,2.6350461133069825,0.0,0.0,75.9,0,0,0
0.07443836255452609,-1.189813946476742e-18,0.0744383625545261,0.25,0.06923076923076925,2015.09,0,0,1
0.05989936905997926,-1.3087667763636779e-18,0.05989936905997924,0.0,0.0,250.42,0,1,0
0.06699452629907346,-3.774669442478105e-18,0.06699452629907349,0.0,0.0,2015.09,0,0,0
1.3067769675022287,2.1975388242536494e-17,1.3067769675022287,0.0,0.0,1805.97,0,0,0
1.3367196898810318,1.505690203335005e-17,1.3367196898810318,0.0,0.0,224.43,0,1,0
1.2957025864217013,1.0793666184454609e-17,1.2957025864217013,0.0,0.0,1805.97,0,0,0
3.2460213696406837,-2.161651169676173e-17,3.246021369640683,0.047619047619047616,0.01904761904761905,221.81,0,1,1
3.261942781915477,-1.1104375112444864e-16,3.2619427819154767,0.0,0.0,8203.7,0,0,0
3.225723867796524,-1.1932332992385794e-16,3.2257238677965234,0.0,0.0,781.22,0,0,0
19.57806599901494,0.6982336523511068,21.671318338532263,0.25,0.07058823529411765,60.91,1,0,1
905.0424128180962,-1.3361423740089562,942.5070688030161,0.5039225941422594,0.089755107063746,31.83,0,0,1
33.56013710543817,5.459732786435136e-16,33.56013710543817,0.0,0.0,586.41,0,0,1
33.6759667156143,9.498460501781297e-16,33.675966715614294,0.0,0.0,306.45,0,0,1
151.20274914089347,-2.4672435377221807e-15,151.20274914089347,0.0,0.0,52.38,0,0,1
149.01593252108714,8.401157248856038e-16,149.01593252108717,0.0,0.0,42.68,0,0,1
151.20274914089347,-2.4672435377221807e-15,151.20274914089347,0.0,0.0,52.38,0,0,1
148.91179839633446,5.465686328353955e-15,148.91179839633446,0.0,0.0,52.38,0,0,1
794.0754897276638,-1.9111323459149823,856.1872909698995,0.0,0.0,5.98,1,0,1
743.9131710178939,-1.8773833968905915,804.9281314168378,0.35714285714285715,0.09890109890109894,4.87,1,0,1
754.8972766364069,-2.234554742916,816.0535117056855,0.0,0.0,5.98,1,0,1
757.7639751552794,-3.440038222646972,869.5652173913043,0.35714285714285715,0.09890109890109894,5.98,1,0,1
5.714032880972398,0.12058204173597296,6.017432856953232,0.27310924369747897,0.07563025210084034,452.02,0,0,1
0.11652974421721146,2.2880691190493075e-18,0.11652974421721145,0.0,0.0,171.63,0,1,0
0.11342673184502755,3.573610298773348e-18,0.11342673184502758,0.0,0.0,6347.71,0,0,0
0.09925886712546321,3.2992217337628715e-19,0.09925886712546321,0.0,0.0,604.48,0,0,0
35.19061583577713,7.78567721141799e-16,35.19061583577713,0.0,0.0,75.02,0,0,1
34.68018975952887,6.797005946454096e-16,34.68018975952887,0.5625,0.013235294117647053,61.13,0,0,1
35.19061583577713,7.78567721141799e-16,35.19061583577713,0.0,0.0,75.02,0,0,1
34.657424686750204,4.326006384111938e-17,34.657424686750204,0.0,0.0,75.02,0,0,1
12.085260035739946,-5.078765532378546e-16,12.085260035739948,0.0,0.0,542.81,0,0,1
12.126767018013888,-2.280914816652603e-16,12.126767018013888,0.0,0.0,283.67,0,0,1
0.4770992366412213,9.678948241265153e-18,0.47709923664122134,0.0,0.0,41.92,0,1,0
0.6523372122138611,1.1984012780980669e-17,0.6523372122138612,0.0,0.0,3035.24,0,0,0
78.75894988066825,3.263058222814708e-15,78.75894988066825,0.0,0.0,33.52,0,0,1
77.62724276821677,9.026789463608414e-16,77.62724276821677,0.0,0.0,27.31,0,0,1
78.75894988066825,3.263058222814708e-15,78.75894988066825,0.0,0.0,33.52,0,0,1
77.56563245823388,2.3534043996389056e-15,77.56563245823388,0.0,0.0,33.52,0,0,1
0.6681514476614699,2.214781800882878e-18,0.6681514476614699,0.0,0.0,22.45,0,1,0
0.32514059320094896,1.2857460101581006e-17,0.32514059320094896,0.0,0.0,830.41,0,0,0
0.18968133535660092,3.2357309723704483e-18,0.18968133535660092,0.0,0.0,79.08,0,0,0
0.15558552017425578,2.2524874164357676e-18,0.15558552017425578,0.0,0.0,96.41,0,1,0
0.04082790393838854,1.8894546393742902e-19,0.04082790393838854,0.0,0.0,6980.52,0,0,0
23.11570146317472,0.22699543171693695,23.607524898561415,0.0,0.0,27.11,0,1,1
17.64797802979675,-0.006138071310577672,17.79426872936553,0.0,0.0,1002.57,0,0,1
17.597150937467266,7.1371557689285685e-16,17.597150937467266,0.0,0.0,95.47,0,0,1
2.1312494449871235,1.1924587251572846e-18,2.1312494449871235,0.0,0.0,112.61,0,1,0
2.1417852212017534,2.7130638954217962e-17,2.141785221201753,0.0,0.0,4164.75,0,0,0
2.118003025718608,1.3495272911878673e-16,2.118003025718608,0.0,0.0,396.6,0,0,0
0.9119927040583673,3.4497228257312508e-18,0.9119927040583675,0.0,0.0,21.93,0,1,0
0.49126121870571565,-6.77344856005901e-18,0.49126121870571565,0.0,0.0,1587.75,0,0,1
2.237762237762238,3.019917301564844e-17,2.237762237762238,0.0,0.0,107.25,0,1,0
2.544630841801485,2.999773692788325e-17,2.544630841801485,0.0,0.0,7765.37,0,0,0
0.7970162188931534,-0.0021848531414546666,0.8047542404358055,0.0,0.0,646.16,0,0,0
0.829211952498001,2.4788197541295324e-17,0.829211952498001,0.5625,0.039705882352941174,337.67,0,0,0
1.4153826358284813,3.4859906307652814e-17,1.4153826358284813,0.0,0.0,932.61,0,0,0
1.395243859901102,4.2127951659395e-17,1.395243859901102,0.0,0.0,487.37,0,0,0
4.040404040404041,1.0373894432395223e-16,4.04040404040404,0.0,0.0,54.45,0,0,1
4.056795131845844,1.589523501408732e-16,4.056795131845842,0.0,0.0,44.37,0,0,1
3.6730945821854912,1.1414846724169509e-16,3.6730945821854912,0.0,0.0,54.45,0,0,0
3.6730945821854912,1.1414846724169509e-16,3.6730945821854912,0.0,0.0,54.45,0,0,0
16.670198488380308,0.9041463586918136,18.64801864801865,0.0808080808080808,0.028282828282828274,38.61,1,0,1
463.6453734570683,-1.7298855752770486,487.611496531219,0.36167711598746083,0.12664576802507835,20.18,0,0,1
3.216311705514682,6.529373554153045e-17,3.2238723818322996,0.14617168705901312,0.03641641165956594,1017.41,0,0,1
3.2350285886247367,4.128358718251636e-17,3.235028588624737,0.0,0.0,531.68,0,0,0
0.9420631182289213,-6.646761380403431e-18,0.9420631182289214,0.0,0.0,127.38,0,1,0
1.071237279057311,-1.2425724249844169e-17,1.0712372790573113,0.0,0.0,9222.98,0,0,0
25.43060690774642,0.772966775311442,28.13599062133646,0.38461538461538464,0.1098901098901099,17.06,0,1,1
23.932066702946244,-0.010673951519979047,23.991840831458127,0.037523452157598496,0.010720986330742428,1235.42,0,0,1
32.512315270935964,4.2719942214377677e-16,32.51231527093596,0.08333333333333333,0.038461538461538464,81.2,0,0,1
32.043530834340984,-4.638102178012635e-16,32.04353083434099,0.0,0.0,66.16,0,0,1
32.512315270935964,4.2719942214377677e-16,32.51231527093596,0.0,0.0,81.2,0,0,1
32.01970443349753,2.7571795083599495e-17,32.01970443349754,0.0,0.0,81.2,0,0,1
0.7878168793104601,-2.5112316387385013e-17,0.78781687931046,0.0,0.0,2995.62,0,0,0
0.8058667096462245,-1.3559034496815124e-17,0.8058667096462245,0.0,0.0,372.27,0,1,0
0.7811404650790154,-2.9025327206257655e-17,0.7811404650790154,0.03418803418803419,0.01367521367521368,2995.62,0,0,1
2.9112081513828234,1.4292322524823167e-16,2.911208151382824,0.0,0.0,20.61,0,1,0
3.3097275169673783,3.818699837481342e-17,3.3097275169673788,0.0,0.0,1492.57,0,0,0
52.65257279617072,1.0325459046722554e-15,52.65257279617072,0.0,0.0,100.28,0,0,1
51.89083343532004,7.72369936137916e-16,51.89083343532004,0.0,0.0,81.71,0,0,1
52.65257279617072,1.0325459046722554e-15,52.65257279617072,0.0,0.0,100.28,0,0,1
51.85480654168329,-7.861002636659364e-16,51.85480654168329,0.0,0.0,100.28,0,0,1
31.567844496345966,-0.08072241177040286,32.32125367286973,0.0,0.0,20.42,0,0,1
32.17057183756498,-0.15606332942277984,33.30068560235063,0.3076923076923077,0.0989010989010989,20.42,0,0,1
31.718526331650715,-0.10762988236053862,32.32125367286973,0.0,0.0,20.42,0,0,1
0.03288716413983623,0.004555797629760863,0.051822198038529804,0.15384615384615385,0.04945054945054945,1543.74,0,0,1
111.86440677966104,9.921135398076885e-16,111.86440677966101,0.0,0.0,47.2,0,0,1
110.24440977639102,7.78809896124484e-16,110.24440977639105,0.0,0.0,38.46,0,0,1
111.86440677966104,9.921135398076885e-16,111.86440677966101,0.0,0.0,47.2,0,0,1
110.16949152542375,3.5271146709836273e-15,110.16949152542372,0.0,0.0,47.2,0,0,1
22.60211655413494,1.8745208874865993e-16,22.60211655413494,0.0,0.0,626.49,0,0,1
23.118417672745956,3.869406598326662e-16,23.118417672745956,0.0,0.0,77.86,0,1,1
22.41057319350668,7.939993022427558e-16,22.41057319350668,0.0,0.0,626.49,0,0,1
56.73268182997492,5.390221322821634e-16,56.73268182997492,0.06829268292682927,0.014263937282229962,231.26,0,0,1
56.9300786098469,-1.3245074964537635e-15,56.93007860984692,0.4666666666666667,0.09999999999999999,120.85,0,0,1
0.10429703796412182,0.03476567932137393,1.773049645390071,0.058823529411764705,0.01960784313725489,11.28,1,1,1
1.7708672596816104,-0.0009399507747778691,1.7736871120059443,0.2861243596537714,0.07152740976270386,417.21,0,0,1
1.5101938082053865,1.430481597328894e-17,1.5101938082053865,0.0,0.0,39.73,0,0,0
2.1164021164021167,-3.183803988783454e-17,2.1164021164021167,0.0,0.0,18.9,0,1,1
2.574775779942496,7.158531666800914e-17,2.5747757799424966,0.0,0.0,699.09,0,0,0
2.403485053327324,6.383235040394769e-17,2.4034850533273246,0.0,0.0,66.57,0,0,0
0.479539641943734,-1.8372077275762087e-18,0.479539641943734,0.0,0.0,125.12,0,1,0
0.38465029237744136,6.491472034011828e-18,0.38465029237744136,0.0,0.0,4627.58,0,0,0
0.3630834865091792,9.844313682713667e-18,0.3630834865091792,0.0,0.0,440.67,0,0,0
0.4376021265601214,5.353253461141321e-18,0.4376021265601214,0.0,0.0,2148.07,0,0,0
0.4495392222971455,-6.549649997226612e-18,0.44953922229714544,0.0,0.0,266.94,0,1,0
0.4376021265601214,5.353253461141321e-18,0.4376021265601214,0.0,0.0,2148.07,0,0,0
0.43469598449584324,0.04657456976741178,0.7063809748057452,0.0,0.0,42.47,1,0,0
12.687627829583663,-0.08914024236241398,13.519603424966201,0.0,0.0,22.19,0,0,1
1.01304019829723,1.2207895682618823e-17,1.0130401982972304,0.0,0.0,927.9,0,0,0
1.0406729685196425,4.900753070689638e-17,1.0406729685196427,0.0,0.0,115.31,0,1,0
1.01304019829723,1.2207895682618823e-17,1.0130401982972304,0.0,0.0,927.9,0,0,0
0.20954775783899113,0.014967696988499372,0.24764735017335315,0.0,0.0,60.57,1,0,0
9.07765220561429,-0.02864434144054978,9.47867298578199,0.0,0.0,31.65,0,0,1
120.60301507537686,1.0264934451623196e-15,120.60301507537689,0.3076923076923077,0.0989010989010989,65.67,0,0,1
118.8562885441974,1.6302543269543812e-15,118.85628854419735,0.0,0.0,53.51,0,0,1
120.60301507537686,1.0264934451623196e-15,120.60301507537689,0.0,0.0,65.67,0,0,1
118.77569666514388,4.818858534540671e-15,118.7756966651439,0.0,0.0,65.67,0,0,1
1.8723174688806556,2.2876368127922017e-17,1.8723174688806556,0.0,0.0,1260.47,0,0,0
1.9152196118488256,8.100491425826738e-17,1.9152196118488256,0.0,0.0,156.64,0,1,0
1.8564503716867515,8.052320851742282e-17,1.8564503716867518,0.0,0.0,1260.47,0,0,1
2.897162989970414,2.6767162458653416e-17,2.8971629899704143,0.0,0.0,1629.18,0,0,0
2.963548355230663,9.682705173919573e-17,2.9635483552306625,0.0,0.0,202.46,0,1,0
2.8726107612418517,4.7106219013778625e-17,2.8726107612418517,0.0,0.0,1629.18,0,0,0
1.9999999999999998,0.07671957671957674,2.2222222222222223,0.0,0.0,54.0,1,0,0
24.521615875265763,-0.1468057102359014,27.63997165131113,0.0,0.0,28.22,0,0,1
3.8163309858585537,5.698198000304264e-17,3.8163309858585532,0.0,0.0,1236.79,0,0,1
3.9037085230969426,-2.8633414945883616e-17,3.903708523096942,0.0,0.0,153.7,0,1,0
3.7839891978428017,3.3815550555363285e-17,3.7839891978428026,0.0,0.0,1236.79,0,0,0
340.31413612565444,5.325577808946065e-15,340.31413612565444,0.0,0.0,7.64,1,0,1
303.7720706260032,-0.708148427910486,333.868378812199,0.0,0.0,6.23,1,0,1
300.06544502617805,-0.5774561133353814,324.60732984293196,0.0,0.0,7.64,1,0,1
285.66753926701574,-0.9778256852479156,314.13612565445027,0.0,0.0,7.64,1,0,1
1.786919575639051,0.028199784785757978,1.8691265294820099,0.0,0.0,577.81,0,0,0
13.150684931506847,3.077511401053603e-16,13.150684931506849,0.13333333333333333,0.04642857142857142,54.75,0,1,1
13.215859030837006,4.9496573641709e-16,13.215859030837004,0.028699551569506727,0.009993593850096091,2024.84,0,0,1
13.06918369463748,1.1300605251684803e-16,13.069183694637486,0.0,0.0,192.82,0,0,1
1.3605442176870748,0.49474335188620905,5.442176870748299,0.3333333333333333,0.11188811188811187,7.35,1,1,1
3.7412344193566587,-0.006836426531487777,3.7600345923182497,0.15058750773036486,0.050469011507972554,531.91,0,0,1
2.0920502092050204,8.752493851657539e-17,2.092050209205021,0.0,0.0,9.56,0,1,0
1.1266466373931132,1.6777247933816356e-17,1.126646637393113,0.0,0.0,692.32,0,0,0
0.5643340857787811,8.282090777451151e-18,0.5643340857787811,0.08333333333333333,0.038461538461538464,70.88,0,1,1
0.6866664632099367,1.0239784634575315e-17,0.6866664632099367,0.0,0.0,2621.36,0,0,0
0.6409742809069786,-1.1145754483269341e-17,0.6409742809069786,0.0,0.0,249.62,0,0,0
0.6958942240779402,1.71492353087413e-17,0.6958942240779402,0.0,0.0,28.74,0,1,0
0.3748648323921663,6.8809844390753005e-18,0.3748648323921663,0.45852187028657615,0.009552538964303673,2080.75,0,0,0
0.07301757289587694,3.10181978762122e-18,0.07301757289587694,0.0,0.0,205.43,0,1,0
0.035536743018017125,1.1441502116103233e-18,0.035536743018017125,0.0,0.0,7597.77,0,0,0
0.020731977001326844,-1.472239978405648e-19,0.020731977001326847,0.0,0.0,723.52,0,0,0
5.503577325261419,1.9436924297811038e-16,5.5035773252614195,0.0,0.0,36.34,0,0,1
6.079027355623099,1.9435235043561827e-16,6.079027355623101,0.0,0.0,29.61,0,0,1
5.503577325261419,1.9436924297811038e-16,5.5035773252614195,0.06666666666666667,0.025,36.34,0,0,1
6.05393505778756,1.364232063982818e-16,6.0539350577875615,0.0,0.0,36.34,0,0,1
0.7684426229508199,-6.122534099585165e-19,0.7684426229508197,0.3333333333333333,0.08928571428571427,19.52,0,1,1
0.20161860833639889,-1.0212948328887382e-18,0.20161860833639889,0.2105263157894737,0.05639097744360901,1413.56,0,0,1
51.79517363154797,-7.581386748382979e-16,51.79517363154797,0.0,0.0,50.97,0,0,1
51.047435588731034,2.771756325712493e-16,51.047435588731034,0.0,0.0,41.53,0,0,1
51.79517363154797,-7.581386748382979e-16,51.79517363154797,0.0,0.0,50.97,0,0,1
51.01039827349421,2.724038467579014e-16,51.01039827349421,0.0,0.0,50.97,0,0,1
50.412863972185995,-0.2855901160985886,56.49717514124294,0.0,0.0,8.85,1,0,1
41.18211885202177,-0.8839981100730063,55.47850208044383,0.6923076923076923,0.09890109890109891,7.21,1,0,1
54.58496305953933,-0.14900353883404516,58.75706214689266,0.0,0.0,8.85,1,0,1
50.23902651021294,-0.2235053082510693,56.49717514124294,0.0,0.0,8.85,1,0,1
0.4924402369696056,0.018244614921103568,0.5384626890228398,0.23076923076923078,0.032967032967032975,668.57,0,0,0
0.12275293925093429,-1.9850526689984466e-20,0.12275293925093429,0.0,0.0,1099.77,0,0,0
0.10975342064827688,1.4649003268869776e-18,0.10975342064827688,0.0,0.0,136.67,0,1,0
0.13639215472326033,4.27186233826724e-18,0.13639215472326033,0.0,0.0,1099.77,0,0,0
0.2838116961953465,-0.00946038987317823,0.3468809620165347,0.5454545454545454,0.13636363636363635,172.97,0,1,1
0.27825325736081474,2.686714646943897e-18,0.27825325736081474,0.06128702757916242,0.015321756894790602,6397.05,0,0,0
0.262652461546038,8.041398056591979e-18,0.26265246154603805,0.0,0.0,609.17,0,0,0
55.81835383159886,0.43664944327196203,56.76442762535478,0.4166666666666667,0.12237762237762237,10.57,0,1,1
38.41180696140534,-0.006028060622196655,38.55547573956769,0.11224489795918369,0.03296703296703297,765.65,0,0,1
1.7308524448290783,2.206292087944693e-17,1.7308524448290783,0.0,0.0,138.66,0,1,1
1.9681823795882751,2.3005592197638778e-17,1.9681823795882756,0.0,0.0,10039.72,0,0,0
4.399594957924507,0.23444553630663492,4.993191103041307,0.23076923076923078,0.08241758241758242,88.12,1,0,1
208.73632339430384,-0.4486284616577764,216.2866449511401,0.136144190537496,0.048622925191962846,46.05,0,0,1
3.0939863917039214,1.5911794188469755e-16,3.0939863917039214,0.0,0.0,1525.54,0,0,0
3.164890811267011,9.925483347692006e-17,3.164890811267011,0.0,0.0,189.58,0,1,0
3.0677661680454134,8.07752294135888e-17,3.0677661680454134,0.0,0.0,1525.54,0,0,0
25.829327998308404,-0.019363476069259585,25.912978214927612,0.10719912684511183,0.0061571576109120865,506.31,0,0,1
26.002494425337318,5.071288123078707e-16,26.002494425337318,0.0,0.0,264.59,0,0,1
5.061927840603125,2.5008198234021425e-16,5.061927840603124,0.0,0.0,185.7,0,0,1
4.477180820335065,-0.06059798087527711,5.199306759098787,0.0,0.0,23.08,0,1,1
0.09496676163342828,0.007969238738469508,0.11396011396011396,0.0,0.0,175.5,0,0,0
5.061927840603125,2.5008198234021425e-16,5.061927840603124,0.0,0.0,185.7,0,0,1
11.541980434935605,-4.42617276410146e-16,11.541980434935605,0.0,0.0,568.36,0,0,1
11.582101612740312,8.542671516495585e-17,11.582101612740312,0.0,0.0,297.01,0,0,1
65.33776301218163,8.224333805729156,106.312292358804,0.5833333333333334,0.12237762237762237,9.03,1,1,1
3.2780914223274453,0.8099713071485063,8.74157712620652,0.5833333333333334,0.12237762237762237,54.91,0,0,1
79.59171455938697,-0.355427618358649,81.53735632183908,0.5833333333333334,0.12237762237762237,334.08,0,0,1
82.99276956931783,2.5708859107203627e-15,82.99276956931783,0.5833333333333334,0.12237762237762237,31.81,0,0,1
4.990494296577948,2.086542293488813e-16,4.990494296577947,0.0,0.0,21.04,0,0,1
4.990494296577948,2.086542293488813e-16,4.990494296577947,0.0,0.0,21.04,0,0,1
4.277566539923954,4.0851649973928054e-17,4.277566539923955,0.0,0.0,21.04,0,0,1
0.0516341244191161,1.0331876539341322e-19,0.0516341244191161,0.0,0.0,2614.55,0,0,0
0.04616663075928718,1.607254772271247e-18,0.04616663075928718,0.0,0.0,324.91,0,1,0
0.05737124935457346,8.335564175692347e-19,0.05737124935457344,0.0,0.0,2614.55,0,0,1
6.930118854474844,-1.1922678003295623e-17,6.930118854474845,0.0,0.0,1362.17,0,0,1
7.088846880907371,5.183922532805077e-16,7.088846880907372,0.0,0.0,169.28,0,1,1
6.871389033674211,1.2790367844866588e-16,6.871389033674211,0.0,0.0,1362.17,0,0,1
1.9020446980504038,-1.1258919387430906e-16,1.902044698050404,0.5714285714285714,0.10549450549450551,105.15,0,0,0
2.334539512081242,-3.8149016167153895e-17,2.3345395120812418,0.0,0.0,85.67,0,0,0
1.9020446980504038,-1.1258919387430906e-16,1.902044698050404,0.0,0.0,105.15,0,0,0
1.9020446980504038,-1.1258919387430906e-16,1.902044698050404,0.0,0.0,105.15,0,0,0
0.1924557351809084,-9.426554507559032e-19,0.1924557351809084,0.6428571428571429,0.05934065934065935,77.94,0,1,0
0.09366966525237037,-4.4648280695654444e-18,0.09366966525237037,0.0,0.0,2882.47,0,0,0
0.05464679951910815,-3.1110976284938936e-18,0.05464679951910816,0.0,0.0,274.49,0,0,0
8.500879504835776,1.9751719185836217e-16,8.500879504835776,0.0,0.0,1665.71,0,0,1
8.695652173913043,1.8215691788264477e-16,8.695652173913043,0.0,0.0,207.0,0,1,1
8.428838153099878,2.483305048765191e-16,8.428838153099878,0.0,0.0,1665.71,0,0,1
19.84726237217931,-0.008496486901802876,19.933554817275745,0.027439024390243903,0.009287054409005631,165.55,0,0,1
19.66742077711908,-0.006605347028419477,19.88209455554271,0.21428571428571427,0.07252747252747256,86.51,0,0,1
0.08733285461990802,0.013435823787678158,0.13585110718652357,0.0,0.0,147.22,0,0,0
1.0746714510796804,1.9808130419011386e-17,1.0746714510796804,0.0,0.0,2196.02,0,0,0
1.0993037742762917,5.707268417513946e-17,1.0993037742762917,0.0,0.0,272.9,0,1,0
1.0655640659010392,-3.7598737297636004e-17,1.0655640659010392,0.0,0.0,2196.02,0,0,0
468.45238095238085,-3.461538461538486,533.3333333333334,0.0,0.0,4.8,1,0,1
462.55023748629884,-0.8768724881257056,491.0485933503836,0.0,0.0,3.91,1,0,1
455.952380952381,-2.234432234432252,508.33333333333337,0.0,0.0,4.8,1,0,1
411.9047619047619,-4.212454212454237,500.0,0.0,0.0,4.8,1,0,1
4.896654608720296,0.14049268726479197,5.29027636183286,0.0,0.0,362.93,0,0,1
4.9079754601226995,-1.020315247152974e-17,4.9079754601226995,0.0,0.0,24.45,0,1,1
5.5813217790180705,1.0868772327335851e-16,5.581321779018071,0.0,0.0,1770.19,0,0,1
7.665252801439572,1.1263996367534588e-16,7.665252801439572,0.0,0.0,855.81,0,0,1
7.691791695548152,1.5381225812678849e-16,7.691791695548152,0.0,0.0,447.23,0,0,1
39.571310799670236,4.241285119374996e-16,39.571310799670236,0.0,0.0,133.43,0,0,1
38.99926416482708,1.9111190182195141e-16,38.99926416482708,0.0,0.0,108.72,0,0,1
39.571310799670236,4.241285119374996e-16,39.571310799670236,0.0,0.0,133.43,0,0,1
38.97174548452371,1.103035526370214e-15,38.971745484523716,0.0,0.0,133.43,0,0,1
0.5793742757821552,-9.099566185211877e-18,0.5793742757821553,0.0,0.0,25.89,0,1,1
0.15205433408204533,1.018833477389952e-18,0.15205433408204533,0.0,0.0,1874.33,0,0,1
368.8868188169539,1.3087320979162819e-14,368.8868188169539,0.20855614973262032,-0.006238859180035646,21.47,0,0,1
356.97478991596637,-0.13445378151260448,363.42857142857144,0.0,0.0,17.5,0,0,1
368.8868188169539,1.3087320979162819e-14,368.8868188169539,0.5294117647058824,1.48762163093542e-17,21.47,0,0,1
363.2976245924546,3.35878516631345e-15,363.2976245924546,0.0,0.0,21.47,0,0,1
0.06959519880122272,0.0014498999750254726,0.07394489872629913,0.0,0.0,1622.83,0,0,0
1.6741071428571426,-2.958705263432919e-17,1.6741071428571428,0.6428571428571429,0.09890109890109891,35.84,0,1,0
1.903587530345651,-6.448114592986837e-17,1.9035875303456515,0.16107576633892423,0.024709703252213375,2595.1,0,0,0
0.8333333333333336,-4.712900997886666e-17,0.8333333333333334,0.0,0.0,24.0,0,1,0
1.1392667265069392,-5.120688948646412e-17,1.1392667265069392,0.41053391053391053,0.08784548784548787,1737.96,0,0,1
0.7030371203599549,-3.963971566669002e-17,0.7030371203599549,0.0,0.0,106.68,0,0,0
0.6902105142068329,-3.538297446076246e-17,0.690210514206833,0.0,0.0,86.93,0,0,0
0.7030371203599549,-3.963971566669002e-17,0.7030371203599549,0.0,0.0,106.68,0,0,0
0.8436445444319459,-1.7441200887516863e-17,0.8436445444319459,0.0,0.0,106.68,0,0,0
14.655942806076855,4.738938548934675e-16,14.655942806076853,0.007760532150776054,0.003492239467849224,223.8,0,0,1
14.707139803334762,-1.9452915901988683e-17,14.707139803334758,0.18181818181818182,0.08181818181818182,116.95,0,0,1
0.39158706113910624,4.704014869207161e-18,0.3915870611391062,0.0,0.0,970.41,0,0,0
0.331702462890787,4.051692721827087e-18,0.331702462890787,0.0,0.0,120.59,0,1,0
0.39158706113910624,4.704014869207161e-18,0.3915870611391062,0.0,0.0,970.41,0,0,0
0.3585835948005379,9.304831570306525e-18,0.35858359480053786,0.3076923076923077,0.0989010989010989,111.55,0,1,1
0.4362821970201925,1.0122755349531242e-17,0.43628219702019255,0.04444444444444444,0.014285714285714285,4125.77,0,0,0
0.40723866731146136,1.475826389434346e-17,0.40723866731146124,0.0,0.0,392.89,0,0,0
1.4605270893737374,2.4172564187370374e-17,1.4605270893737372,0.0,0.0,3231.71,0,0,0
1.4939867035183385,6.534969955776478e-17,1.4939867035183387,0.0,0.0,401.61,0,1,0
1.4481497411587052,5.0244186392955446e-17,1.4481497411587054,0.0,0.0,3231.71,0,0,0
4.254782122703589,-1.3399087941707646e-16,4.25478212270359,0.0,0.0,1109.34,0,0,1
4.352241404323225,-1.238462764436337e-16,4.352241404323226,0.0,0.0,137.86,0,1,1
4.218724647087456,-4.1963337580000485e-17,4.218724647087457,0.0,0.0,1109.34,0,0,1
25.692241413073276,6.000371311588055e-16,25.692241413073276,0.0,0.0,510.66,0,0,1
25.781308551300306,2.4063817719304474e-16,25.781308551300306,0.0,0.0,266.86,0,0,1
11.874213836477987,1.616156724620347e-16,11.874213836477987,0.0,0.0,1192.5,0,0,1
12.14656859437209,4.580086838625834e-17,12.14656859437209,0.0,0.0,148.19,0,1,1
11.773584905660377,3.159223277178891e-17,11.773584905660377,0.0,0.0,1192.5,0,0,1
188.07884113037287,-3.760018164876989e-16,188.07884113037284,0.13333333333333333,0.04642857142857142,42.11,0,0,1
185.36869717283585,1.068123787812623e-15,185.3686971728359,0.0,0.0,34.31,0,0,1
188.07884113037287,-3.760018164876989e-16,188.07884113037284,0.0,0.0,42.11,0,0,1
185.22916171930652,7.998231062584945e-16,185.22916171930657,0.0,0.0,42.11,0,0,1
20.012052076180325,0.7567582717883328,21.8619056294407,0.0,0.0,54.89,1,0,1
1007.7244930801415,-1.4483424525265463,1037.6569037656905,0.407051282051282,0.10402930402930405,28.68,0,0,1
2.5706940874035986,-1.6741948376053223e-17,2.5706940874035986,0.18617021276595744,0.07030203838714477,365.66,0,0,1
2.6408450704225355,8.054375296792806e-17,2.6408450704225355,0.20833333333333334,0.07867132867132867,45.44,0,1,1
2.5706940874035986,-1.6741948376053223e-17,2.5706940874035986,0.25,0.09440559440559441,365.66,0,0,1
0.22813916489058325,-5.50416154703316e-19,0.22813916489058325,0.0,0.0,1665.65,0,0,0
0.1932460505338422,4.169963233232912e-18,0.1932460505338422,0.0,0.0,206.99,0,1,0
0.22813916489058325,-5.50416154703316e-19,0.22813916489058325,0.0,0.0,1665.65,0,0,0
35.962940628255026,-2.0964534447757755e-15,35.96294062825503,0.0,0.0,182.41,0,0,1
36.0889634913974,-2.475269034941108e-15,36.0889634913974,0.0,0.0,95.32,0,0,1
11.650485436893204,2.715911802226308e-16,11.650485436893204,0.0,0.0,30.9,0,1,1
13.249059066486677,-1.6773319048327733e-16,13.249059066486677,0.0,0.0,2237.14,0,0,1
0.531914893617021,-2.800809290766028e-17,0.5319148936170213,0.5,0.1076923076923077,37.6,0,1,1
0.2865108488434879,-8.341908527628591e-18,0.28651084884348793,0.0641025641025641,0.013806706114398421,2722.41,0,0,0
0.21910604732690622,4.298671205260698e-18,0.21910604732690622,0.5625,0.039705882352941174,91.28,0,1,0
0.11801552358040943,-1.397354280858983e-20,0.11801552358040943,0.08653846153846154,0.006108597285067873,6609.3,0,0,0
16.65143669408062,5.202281646791828e-16,16.65143669408062,0.019435975609756097,0.005945121951219511,787.92,0,0,1
16.708762385855838,3.3838351920256274e-16,16.708762385855838,0.1875,0.057352941176470586,411.76,0,0,1
30.999465526456436,1.232433112208005,38.48209513629075,0.5625,0.013235294117647053,18.71,0,1,1
0.9234016357400405,0.05690430248257955,1.4070882068419666,0.5625,0.013235294117647053,113.71,0,0,0
25.490366130407757,-0.04268304607303156,25.78668169926138,0.14627136763770526,0.000978853874466991,691.83,0,0,1
25.500910746812387,1.1184231255588943e-16,25.500910746812387,0.0,0.0,65.88,0,0,1
0.6887052341597795,-1.1806542329462902e-18,0.6887052341597796,0.0,0.0,21.78,0,1,0
0.1807377906866134,7.029282895869343e-18,0.18073779068661336,0.0,0.0,1576.87,0,0,0
1.902565580859037,1.717340069319921e-18,1.9025655808590374,0.03434343434343434,0.011958874458874459,693.8,0,0,1
1.8754999034669169,2.452744189153319e-17,1.8754999034669169,0.0,0.0,362.57,0,0,0
1.6843741902047167,8.610148330725192e-17,1.6843741902047162,0.14792899408284024,0.042265426880811495,115.77,0,0,1
1.735537190082645,2.86914987673836e-17,1.7355371900826446,0.38461538461538464,0.1098901098901099,60.5,0,0,1
1.3879250520471895,-4.6944650211275734e-17,1.3879250520471895,0.0,0.0,43.23,0,1,0
1.5784310906191987,4.4913161815358495e-17,1.5784310906191987,0.04149797570850203,0.015670564253560205,3129.69,0,0,1
38.06790638149347,-0.033845660263607476,38.160981947218396,0.02085889570552147,0.01011340397843465,515.71,0,0,1
38.293135435992575,5.151440109107549e-17,38.29313543599258,0.2,0.09696969696969696,269.5,0,0,1
2.767049057473914,7.528557568575752e-17,2.7670490574739146,0.0,0.0,173.47,0,1,0
2.7806396406366165,1.9709164016965644e-18,2.780639640636617,0.0,0.0,6415.79,0,0,0
2.7497708524289646,2.2277165287373875e-18,2.749770852428964,0.4666666666666667,0.09999999999999999,610.96,0,0,1
16.35702746365105,-0.071272450822009,19.38610662358643,0.0,0.0,24.76,0,1,1
0.49827265479670474,0.011724062465804807,0.5314908317831517,0.0,0.0,150.52,0,0,0
19.480023148906433,2.961775463629571e-16,19.480023148906433,0.0,0.0,915.81,0,0,1
19.263845889232886,5.044656774390498e-16,19.263845889232886,0.0,0.0,87.21,0,0,1
1.7865118356409115,5.252885830564925e-17,1.786511835640911,0.0,0.0,67.17,0,1,0
2.0314295877308233,8.440025497870001e-17,2.0314295877308233,0.0,0.0,4863.57,0,0,0
6.7076579094466195,3.326662929843377e-16,6.707657909446618,0.0,0.0,35.78,0,1,1
6.740978651048554,2.1055873714022677e-16,6.740978651048555,0.0,0.0,1323.25,0,0,1
6.666137608126338,3.5498831595999605e-17,6.666137608126339,0.0,0.0,126.01,0,0,1
